Time,VehicleID,Speed,PositionX,PositionY,DetectedObjects,TTC,SubCauseCode,DangerVehicleID
0.286,vehA,12.066,2787.211,7544.168,0,N/A,0,N/A
0.386,vehA,12.150,2787.697,7543.054,0,N/A,0,N/A
0.486,vehA,12.206,2788.185,7541.935,0,N/A,0,N/A
0.586,vehA,12.261,2788.675,7540.811,0,N/A,0,N/A
0.686,vehA,12.359,2789.169,7539.678,0,N/A,0,N/A
0.786,vehA,12.457,2789.667,7538.536,0,N/A,0,N/A
0.886,vehA,12.512,2790.167,7537.390,0,N/A,0,N/A
0.986,vehA,12.576,2790.670,7536.237,0,N/A,0,N/A
1.086,vehA,12.660,2791.176,7535.076,0,N/A,0,N/A
1.186,vehA,12.727,2791.684,7533.910,0,N/A,0,N/A
1.286,vehA,12.784,2792.196,7532.738,0,N/A,0,N/A
1.386,vehA,12.872,2792.710,7531.558,0,N/A,0,N/A
1.486,vehA,12.967,2793.228,7530.370,0,N/A,0,N/A
1.586,vehA,13.061,2793.750,7529.173,0,N/A,0,N/A
1.686,vehA,13.152,2794.276,7527.967,0,N/A,0,N/A
1.786,vehA,13.245,2794.806,7526.753,0,N/A,0,N/A
1.886,vehA,13.310,2795.338,7525.533,0,N/A,0,N/A
1.986,vehA,13.381,2795.873,7524.306,0,N/A,0,N/A
2.086,vehA,13.461,2796.411,7523.073,0,N/A,0,N/A
2.186,vehA,13.512,2796.951,7521.834,0,N/A,0,N/A
2.286,vehA,13.575,2797.493,7520.590,0,N/A,0,N/A
2.386,vehA,13.662,2798.040,7519.337,0,N/A,0,N/A
2.486,vehA,13.718,2798.588,7518.080,0,N/A,0,N/A
2.586,vehA,13.786,2799.139,7516.816,0,N/A,0,N/A
2.686,vehA,13.860,2799.693,7515.546,0,N/A,0,N/A
2.786,vehA,13.920,2800.249,7514.270,0,N/A,0,N/A
2.886,vehA,13.991,2800.809,7512.988,0,N/A,0,N/A
2.986,vehA,14.065,2801.371,7511.698,0,N/A,0,N/A
3.086,vehA,14.162,2801.937,7510.400,0,N/A,0,N/A
3.186,vehA,14.239,2802.506,7509.095,0,N/A,0,N/A
3.286,vehA,14.309,2803.078,7507.783,0,N/A,0,N/A
3.386,vehA,14.369,2803.653,7506.466,0,N/A,0,N/A
3.486,vehA,14.430,2804.230,7505.144,0,N/A,0,N/A
3.586,vehA,14.487,2804.809,7503.816,0,N/A,0,N/A
3.686,vehA,14.568,2805.391,7502.480,0,N/A,0,N/A
3.786,vehA,14.648,2805.977,7501.138,0,N/A,0,N/A
3.886,vehA,14.707,2806.564,7499.790,0,N/A,0,N/A
3.986,vehA,14.803,2807.156,7498.433,0,N/A,0,N/A
4.086,vehA,14.890,2807.751,7497.068,0,N/A,0,N/A
4.186,vehA,14.985,2808.350,7495.694,0,N/A,0,N/A
4.286,vehA,15.075,2808.953,7494.312,0,N/A,0,N/A
4.386,vehA,15.137,2809.558,7492.925,0,N/A,0,N/A
4.486,vehA,15.203,2810.166,7491.531,0,N/A,0,N/A
4.586,vehA,15.259,2810.776,7490.133,0,N/A,0,N/A
4.686,vehA,15.355,2811.390,7488.725,0,N/A,0,N/A
4.786,vehA,15.423,2812.006,7487.311,0,N/A,0,N/A
4.886,vehA,15.522,2812.627,7485.889,0,N/A,0,N/A
4.986,vehA,15.610,2813.251,7484.458,0,N/A,0,N/A
5.086,vehA,15.682,2813.877,7483.020,0,N/A,0,N/A
5.186,vehA,15.737,2814.506,7481.578,1,4.558746,0,vehB
5.286,vehA,15.828,2815.139,7480.127,1,6.471393,0,vehB
5.386,vehA,15.888,2815.774,7478.671,1,9.830855,0,vehB
5.486,vehA,15.967,2816.413,7477.207,1,16.874224,0,vehB
5.586,vehA,16.038,2817.054,7475.737,1,40.217568,0,vehB
5.686,vehA,16.130,2817.698,7474.259,1,383.234024,0,vehB
5.786,vehA,16.221,2818.347,7472.772,1,40.467671,0,vehB
5.886,vehA,16.296,2818.998,7471.278,1,23.417712,0,vehB
5.986,vehA,16.365,2819.652,7469.778,1,17.462054,0,vehB
6.086,vehA,16.424,2820.309,7468.273,1,14.473110,0,vehB
6.186,vehA,16.478,2820.968,7466.762,1,12.732184,0,vehB
6.286,vehA,16.550,2821.629,7465.245,1,11.668121,0,vehB
6.386,vehA,16.642,2822.294,7463.720,1,10.995887,0,vehB
6.486,vehA,16.723,2822.963,7462.187,1,10.523937,0,vehB
6.586,vehA,16.802,2823.635,7460.647,1,10.195867,0,vehB
6.686,vehA,16.866,2824.309,7459.101,1,9.949824,0,vehB
6.786,vehA,16.923,2824.985,7457.550,1,9.770121,0,vehB
6.886,vehA,17.009,2825.665,7455.991,1,9.697320,0,vehB
6.986,vehA,17.081,2826.348,7454.425,1,9.643884,0,vehB
7.086,vehA,17.160,2827.034,7452.852,1,9.637398,0,vehB
7.186,vehA,17.215,2827.722,7451.274,1,9.619399,0,vehB
7.286,vehA,17.295,2828.413,7449.689,1,9.666795,0,vehB
7.386,vehA,17.383,2829.108,7448.095,1,9.745771,0,vehB
7.486,vehA,17.455,2829.806,7446.495,1,9.816526,0,vehB
7.586,vehA,17.537,2830.507,7444.888,1,9.920438,0,vehB
7.686,vehA,17.608,2831.211,7443.274,1,10.014956,0,vehB
7.786,vehA,17.695,2831.918,7441.652,1,10.150765,0,vehB
7.886,vehA,17.774,2832.629,7440.023,1,10.281943,0,vehB
7.986,vehA,17.843,2833.342,7438.387,1,10.406756,0,vehB
8.086,vehA,17.908,2834.058,7436.746,1,10.525988,0,vehB
8.186,vehA,18.004,2834.778,7435.096,1,10.720461,0,vehB
8.286,vehA,18.084,2835.500,7433.438,1,10.889819,0,vehB
8.386,vehA,18.180,2836.227,7431.772,1,11.103891,0,vehB
8.486,vehA,18.264,2836.957,7430.097,1,11.300579,0,vehB
8.586,vehA,18.331,2837.690,7428.417,1,11.459918,0,vehB
8.686,vehA,18.386,2838.425,7426.732,1,11.593996,0,vehB
8.786,vehA,18.477,2839.164,7425.038,1,11.831722,0,vehB
8.886,vehA,18.539,2839.905,7423.339,1,11.995354,0,vehB
8.986,vehA,18.592,2840.648,7421.635,1,12.135728,0,vehB
9.086,vehA,18.648,2841.393,7419.925,1,12.290961,0,vehB
9.186,vehA,18.721,2842.142,7418.209,1,12.508605,0,vehB
9.286,vehA,18.784,2842.893,7416.487,1,12.697662,0,vehB
9.386,vehA,18.880,2843.647,7414.757,1,13.014199,0,vehB
9.486,vehA,18.977,2844.406,7413.017,1,13.353831,0,vehB
9.586,vehA,19.073,2845.168,7411.269,1,13.709577,0,vehB
9.686,vehA,19.136,2845.933,7409.515,1,13.945211,0,vehB
9.786,vehA,19.222,2846.702,7407.753,1,14.283261,0,vehB
9.886,vehA,19.295,2847.473,7405.984,1,14.584282,0,vehB
9.986,vehA,19.385,2848.248,7404.208,1,14.968442,0,vehB
10.086,vehA,19.458,2849.026,7402.424,1,15.278981,0,vehB
10.186,vehA,19.552,2849.804,7400.631,1,15.716456,0,vehB
10.286,vehA,19.646,2850.538,7398.808,1,16.168008,0,vehB
10.386,vehA,19.732,2851.275,7396.978,1,16.590209,0,vehB
10.486,vehA,19.821,2852.016,7395.139,1,17.041957,0,vehB
10.586,vehA,19.906,2852.760,7393.293,1,17.496528,0,vehB
10.686,vehA,19.998,2853.507,7391.438,1,18.021210,0,vehB
10.786,vehA,20.062,2854.256,7389.577,1,18.344335,0,vehB
10.886,vehA,20.150,2855.009,7387.708,1,18.880920,0,vehB
10.986,vehA,20.216,2855.765,7385.833,1,19.240630,0,vehB
11.086,vehA,20.272,2856.522,7383.953,1,19.522408,0,vehB
11.186,vehA,20.329,2857.281,7382.067,1,19.820629,0,vehB
11.286,vehA,20.405,2858.044,7380.174,1,20.316162,0,vehB
11.386,vehA,20.501,2858.810,7378.273,1,21.056094,0,vehB
11.486,vehA,20.571,2859.578,7376.365,1,21.544989,0,vehB
11.586,vehA,20.640,2860.350,7374.450,1,22.046962,0,vehB
11.686,vehA,20.717,2861.124,7372.528,1,22.690397,0,vehB
11.786,vehA,20.770,2861.900,7370.602,1,23.044132,0,vehB
11.886,vehA,20.860,2862.679,7368.667,1,23.940892,0,vehB
11.986,vehA,20.951,2863.462,7366.724,2,3.275729,0,vehC
12.086,vehA,21.005,2864.247,7364.775,2,4.142804,0,vehC
12.186,vehA,21.059,2865.033,7362.822,2,2.775521,1,vehC
12.286,vehA,21.150,2865.824,7360.860,2,1.337092,2,vehC
12.386,vehA,21.249,2866.617,7358.889,1,30.672099,0,vehB
12.486,vehA,21.303,2867.413,7356.913,1,46.613924,0,vehB
12.586,vehA,21.387,2868.212,7354.929,1,69.157459,0,vehB
12.686,vehA,21.460,2869.014,7352.939,1,98.284024,0,vehB
12.786,vehA,21.543,2869.819,7350.940,1,114.171343,0,vehB
12.886,vehA,21.606,2870.626,7348.936,1,7.122092,0,vehB
12.986,vehA,21.705,2871.437,7346.923,1,3.918055,0,vehB
13.086,vehA,21.789,2872.251,7344.902,1,5.125926,0,vehB
13.186,vehA,21.844,2873.068,7342.876,1,6.879614,0,vehB
13.286,vehA,21.906,2873.886,7340.844,1,9.678975,0,vehB
13.386,vehA,21.990,2874.708,7338.804,1,14.892444,0,vehB
13.486,vehA,22.053,2875.532,7336.758,1,27.292618,0,vehB
13.586,vehA,22.123,2876.358,7334.706,1,98.116392,0,vehB
13.686,vehA,22.207,2877.188,7332.647,1,76.405624,0,vehB
13.786,vehA,22.268,2878.020,7330.581,1,30.314881,0,vehB
13.886,vehA,22.331,2878.854,7328.510,1,19.775342,0,vehB
13.986,vehA,22.420,2879.692,7326.430,1,14.980961,0,vehB
14.086,vehA,22.504,2880.533,7324.343,1,12.327380,0,vehB
14.186,vehA,22.594,2881.377,7322.247,1,10.620022,0,vehB
14.286,vehA,22.666,2882.224,7320.144,1,9.467066,0,vehB
14.386,vehA,22.752,2883.074,7318.034,1,8.599452,0,vehB
14.486,vehA,22.819,2883.926,7315.917,1,7.959653,0,vehB
14.586,vehA,22.878,2884.781,7313.795,1,7.461674,0,vehB
14.686,vehA,22.937,2885.638,7311.668,1,7.058023,0,vehB
14.786,vehA,23.002,2886.497,7309.534,1,6.720351,0,vehB
14.886,vehA,23.062,2887.359,7307.395,1,6.442608,0,vehB
14.986,vehA,23.122,2888.223,7305.250,1,6.207312,0,vehB
15.086,vehA,23.211,2889.090,7303.097,1,5.988569,0,vehB
15.186,vehA,23.301,2889.961,7300.936,1,5.801010,0,vehB
15.286,vehA,23.399,2890.835,7298.766,1,5.635706,0,vehB
15.386,vehA,23.476,2891.712,7296.588,1,5.502232,0,vehB
15.486,vehA,23.557,2892.592,7294.403,1,5.384531,0,vehB
15.586,vehA,23.632,2893.475,7292.211,1,5.284270,0,vehB
15.686,vehA,23.710,2894.361,7290.012,1,5.195673,0,vehB
15.786,vehA,23.795,2895.250,7287.804,1,5.116047,0,vehB
15.886,vehA,23.867,2896.142,7285.591,1,5.050854,0,vehB
15.986,vehA,23.926,2897.036,7283.371,1,4.998912,0,vehB
16.086,vehA,23.988,2897.932,7281.146,1,4.952594,0,vehB
16.186,vehA,24.044,2898.830,7278.916,1,N/A,0,N/A
16.286,vehA,24.134,2899.732,7276.677,1,N/A,0,N/A
16.386,vehA,24.214,2900.637,7274.431,0,N/A,0,N/A
16.486,vehA,24.289,2901.544,7272.178,0,N/A,0,N/A
16.586,vehA,24.357,2902.454,7269.919,0,N/A,0,N/A
16.686,vehA,24.422,2903.367,7267.654,0,N/A,0,N/A
16.786,vehA,24.516,2904.283,7265.380,0,N/A,0,N/A
16.886,vehA,24.597,2905.202,7263.098,0,N/A,0,N/A
16.986,vehA,24.660,2906.123,7260.811,0,N/A,0,N/A
17.086,vehA,24.751,2907.048,7258.515,0,N/A,0,N/A
17.186,vehA,24.821,2907.975,7256.213,0,N/A,0,N/A
17.286,vehA,24.907,2908.906,7253.902,0,N/A,0,N/A
17.386,vehA,24.981,2909.839,7251.585,0,N/A,0,N/A
17.486,vehA,25.072,2910.776,7249.260,0,N/A,0,N/A
17.586,vehA,25.148,2911.715,7246.927,0,N/A,0,N/A
17.686,vehA,25.234,2912.658,7244.586,0,N/A,0,N/A
17.786,vehA,25.309,2913.604,7242.239,0,N/A,0,N/A
17.886,vehA,25.363,2914.552,7239.886,0,N/A,0,N/A
17.986,vehA,25.441,2915.502,7237.526,0,N/A,0,N/A
18.086,vehA,25.511,2916.455,7235.160,0,N/A,0,N/A
18.186,vehA,25.574,2917.411,7232.788,0,N/A,0,N/A
18.286,vehA,25.643,2918.369,7230.409,0,N/A,0,N/A
18.386,vehA,25.731,2919.330,7228.022,0,N/A,0,N/A
18.486,vehA,25.801,2920.294,7225.629,0,N/A,0,N/A
18.586,vehA,25.881,2921.261,7223.229,0,N/A,0,N/A
18.686,vehA,25.944,2922.230,7220.822,0,N/A,0,N/A
18.786,vehA,26.033,2923.203,7218.407,0,N/A,0,N/A
18.886,vehA,26.103,2924.178,7215.986,0,N/A,0,N/A
18.986,vehA,26.167,2925.156,7213.559,0,N/A,0,N/A
19.086,vehA,26.266,2926.137,7211.123,0,N/A,0,N/A
19.186,vehA,26.360,2927.122,7208.678,0,N/A,0,N/A
19.286,vehA,26.433,2928.110,7206.226,0,N/A,0,N/A
19.386,vehA,26.504,2929.100,7203.767,0,N/A,0,N/A
19.486,vehA,26.572,2930.093,7201.303,0,N/A,0,N/A
19.586,vehA,26.655,2931.089,7198.830,0,N/A,0,N/A
19.686,vehA,26.743,2932.088,7196.350,0,N/A,0,N/A
19.786,vehA,26.804,2933.089,7193.863,0,N/A,0,N/A
19.886,vehA,26.883,2934.094,7191.370,0,N/A,0,N/A
19.986,vehA,26.966,2935.101,7188.868,0,N/A,0,N/A
20.086,vehA,27.029,2936.111,7186.361,0,N/A,0,N/A
20.186,vehA,27.098,2937.124,7183.848,0,N/A,0,N/A
20.286,vehA,27.175,2938.139,7181.327,0,N/A,0,N/A
20.386,vehA,27.273,2939.158,7178.797,0,N/A,0,N/A
20.486,vehA,27.361,2940.180,7176.259,0,N/A,0,N/A
20.586,vehA,27.450,2941.206,7173.713,0,N/A,0,N/A
20.686,vehA,27.519,2942.234,7171.161,0,N/A,0,N/A
20.786,vehA,27.592,2943.265,7168.601,0,N/A,0,N/A
20.886,vehA,27.666,2944.298,7166.035,0,N/A,0,N/A
20.986,vehA,27.722,2945.334,7163.464,0,N/A,0,N/A
21.086,vehA,27.802,2946.373,7160.885,0,N/A,0,N/A
21.186,vehA,27.872,2947.414,7158.300,0,N/A,0,N/A
21.286,vehA,27.930,2948.458,7155.709,0,N/A,0,N/A
21.386,vehA,28.026,2949.505,7153.109,0,N/A,0,N/A
21.486,vehA,28.095,2950.555,7150.503,0,N/A,0,N/A
21.586,vehA,28.192,2951.608,7147.888,0,N/A,0,N/A
21.686,vehA,28.261,2952.664,7145.267,0,N/A,0,N/A
21.786,vehA,28.313,2953.751,7142.658,0,N/A,0,N/A
21.886,vehA,28.397,2954.997,7140.106,0,N/A,0,N/A
21.986,vehA,28.475,2956.245,7137.546,0,N/A,0,N/A
22.086,vehA,28.574,2957.498,7134.978,0,N/A,0,N/A
22.186,vehA,28.658,2958.754,7132.403,0,N/A,0,N/A
22.286,vehA,28.733,2960.014,7129.820,0,N/A,0,N/A
22.386,vehA,28.821,2961.278,7127.230,0,N/A,0,N/A
22.486,vehA,28.880,2962.544,7124.634,0,N/A,0,N/A
22.586,vehA,28.947,2963.813,7122.032,0,N/A,0,N/A
22.686,vehA,29.028,2965.086,7119.423,0,N/A,0,N/A
22.786,vehA,29.127,2966.363,7116.806,0,N/A,0,N/A
22.886,vehA,29.180,2967.642,7114.183,0,N/A,0,N/A
22.986,vehA,29.245,2968.924,7111.554,0,N/A,0,N/A
23.086,vehA,29.306,2970.209,7108.920,0,N/A,0,N/A
23.186,vehA,29.360,2971.496,7106.282,0,N/A,0,N/A
23.286,vehA,29.433,2972.787,7103.636,0,N/A,0,N/A
23.386,vehA,29.522,2974.081,7100.983,0,N/A,0,N/A
23.486,vehA,29.581,2975.378,7098.324,0,N/A,0,N/A
23.586,vehA,29.676,2976.679,7095.657,0,N/A,0,N/A
23.686,vehA,29.751,2977.983,7092.983,0,N/A,0,N/A
23.786,vehA,29.810,2979.290,7090.304,0,N/A,0,N/A
23.886,vehA,29.889,2980.601,7087.618,0,N/A,0,N/A
23.986,vehA,29.980,2981.915,7084.923,0,N/A,0,N/A
24.086,vehA,30.036,2983.232,7082.223,0,N/A,0,N/A
24.186,vehA,30.118,2984.553,7079.517,0,N/A,0,N/A
24.286,vehA,30.200,2985.877,7076.802,0,N/A,0,N/A
24.386,vehA,30.283,2987.204,7074.080,0,N/A,0,N/A
24.486,vehA,30.350,2988.535,7071.353,0,N/A,0,N/A
24.586,vehA,30.425,2989.869,7068.618,0,N/A,0,N/A
24.686,vehA,30.508,2991.206,7065.876,0,N/A,0,N/A
24.786,vehA,30.562,2992.546,7063.129,0,N/A,0,N/A
24.886,vehA,30.655,2993.890,7060.374,0,N/A,0,N/A
24.986,vehA,30.746,2995.238,7057.611,0,N/A,0,N/A
25.086,vehA,30.840,2996.591,7054.839,0,N/A,0,N/A
25.186,vehA,30.905,2997.946,7052.061,0,N/A,0,N/A
25.286,vehA,30.973,2999.303,7049.278,0,N/A,0,N/A
25.386,vehA,31.048,3000.665,7046.487,0,N/A,0,N/A
25.486,vehA,31.143,3002.030,7043.688,0,N/A,0,N/A
25.586,vehA,31.242,3003.400,7040.880,0,N/A,0,N/A
25.686,vehA,31.297,3004.772,7038.067,0,N/A,0,N/A
25.786,vehA,31.359,3006.147,7035.249,0,N/A,0,N/A
25.886,vehA,31.429,3007.525,7032.424,0,N/A,0,N/A
25.986,vehA,31.525,3008.907,7029.590,0,N/A,0,N/A
26.086,vehA,31.583,3010.292,7026.752,0,N/A,0,N/A
26.186,vehA,31.668,3011.680,7023.906,0,N/A,0,N/A
26.286,vehA,31.731,3013.071,7021.054,0,N/A,0,N/A
26.386,vehA,31.784,3014.465,7018.197,0,N/A,0,N/A
26.486,vehA,31.876,3015.862,7015.332,0,N/A,0,N/A
26.586,vehA,31.964,3017.264,7012.459,0,N/A,0,N/A
26.686,vehA,32.039,3018.668,7009.580,0,N/A,0,N/A
26.786,vehA,32.138,3020.078,7006.691,0,N/A,0,N/A
26.886,vehA,32.199,3021.489,7003.797,0,N/A,0,N/A
26.986,vehA,32.270,3022.904,7000.897,0,N/A,0,N/A
27.086,vehA,32.343,3024.322,6997.990,0,N/A,0,N/A
27.186,vehA,32.433,3025.744,6995.075,0,N/A,0,N/A
27.286,vehA,32.532,3027.170,6992.151,0,N/A,0,N/A
27.386,vehA,32.612,3028.600,6989.220,0,N/A,0,N/A
27.486,vehA,32.698,3030.034,6986.281,0,N/A,0,N/A
27.586,vehA,32.756,3031.470,6983.337,0,N/A,0,N/A
27.686,vehA,32.823,3032.909,6980.387,0,N/A,0,N/A
27.786,vehA,32.918,3034.352,6977.429,0,N/A,0,N/A
27.886,vehA,32.981,3035.798,6974.464,0,N/A,0,N/A
27.986,vehA,33.069,3037.248,6971.492,0,N/A,0,N/A
28.086,vehA,33.120,3038.700,6968.515,0,N/A,0,N/A
28.186,vehA,33.170,3040.154,6965.534,0,N/A,0,N/A
28.286,vehA,33.227,3041.611,6962.548,0,N/A,0,N/A
28.386,vehA,33.291,3043.071,6959.556,0,N/A,0,N/A
28.486,vehA,33.314,3044.531,6956.562,0,N/A,0,N/A
28.586,vehA,33.281,3045.990,6953.570,0,N/A,0,N/A
28.686,vehA,33.313,3047.451,6950.576,0,N/A,0,N/A
28.786,vehA,33.314,3048.912,6947.582,0,N/A,0,N/A
28.886,vehA,33.327,3050.373,6944.587,0,N/A,0,N/A
28.986,vehA,33.311,3051.833,6941.593,0,N/A,0,N/A
29.086,vehA,33.317,3053.294,6938.598,0,N/A,0,N/A
29.186,vehA,33.310,3054.754,6935.605,0,N/A,0,N/A
29.286,vehA,33.327,3056.215,6932.609,0,N/A,0,N/A
29.386,vehA,33.320,3057.676,6929.615,0,N/A,0,N/A
29.486,vehA,33.298,3059.136,6926.622,0,N/A,0,N/A
29.586,vehA,33.306,3060.596,6923.628,0,N/A,0,N/A
29.686,vehA,33.312,3062.057,6920.634,0,N/A,0,N/A
29.786,vehA,33.281,3063.516,6917.643,0,N/A,0,N/A
29.886,vehA,33.298,3064.976,6914.650,0,N/A,0,N/A
29.986,vehA,33.320,3066.437,6911.656,0,N/A,0,N/A
30.086,vehA,33.323,3067.898,6908.661,0,N/A,0,N/A
30.186,vehA,33.290,3069.357,6905.669,0,N/A,0,N/A
30.286,vehA,33.286,3070.817,6902.677,0,N/A,0,N/A
30.386,vehA,33.292,3072.276,6899.685,0,N/A,0,N/A
30.486,vehA,33.296,3073.736,6896.692,0,N/A,0,N/A
30.586,vehA,33.286,3075.196,6893.701,0,N/A,0,N/A
30.686,vehA,33.285,3076.655,6890.709,0,N/A,0,N/A
30.786,vehA,33.317,3078.116,6887.715,0,N/A,0,N/A
30.886,vehA,33.318,3079.576,6884.720,0,N/A,0,N/A
30.986,vehA,33.281,3081.035,6881.729,0,N/A,0,N/A
31.086,vehA,33.328,3082.497,6878.734,0,N/A,0,N/A
31.186,vehA,33.291,3083.956,6875.741,0,N/A,0,N/A
31.286,vehA,33.281,3085.415,6872.750,0,N/A,0,N/A
31.386,vehA,33.293,3086.875,6869.758,0,N/A,0,N/A
31.486,vehA,33.327,3088.336,6866.763,0,N/A,0,N/A
31.586,vehA,33.324,3089.797,6863.768,0,N/A,0,N/A
31.686,vehA,33.299,3091.257,6860.775,0,N/A,0,N/A
31.786,vehA,33.294,3092.717,6857.782,0,N/A,0,N/A
31.886,vehA,33.313,3094.177,6854.788,0,N/A,0,N/A
31.986,vehA,33.295,3095.637,6851.796,0,N/A,0,N/A
32.086,vehA,33.294,3097.097,6848.803,0,N/A,0,N/A
32.186,vehA,33.304,3098.557,6845.810,0,N/A,0,N/A
32.286,vehA,33.324,3100.018,6842.815,0,N/A,0,N/A
32.386,vehA,33.325,3101.479,6839.820,0,N/A,0,N/A
32.486,vehA,33.306,3102.939,6836.826,0,N/A,0,N/A
32.586,vehA,33.329,3104.401,6833.831,0,N/A,0,N/A
32.686,vehA,33.311,3105.861,6830.837,0,N/A,0,N/A
32.786,vehA,33.305,3107.321,6827.844,0,N/A,0,N/A
32.886,vehA,33.291,3108.781,6824.851,0,N/A,0,N/A
32.986,vehA,33.310,3110.241,6821.858,0,N/A,0,N/A
33.086,vehA,33.281,3111.701,6818.866,0,N/A,0,N/A
33.186,vehA,33.320,3113.161,6815.872,0,N/A,0,N/A
33.286,vehA,33.313,3114.622,6812.878,0,N/A,0,N/A
33.386,vehA,32.957,3116.067,6809.916,0,N/A,0,N/A
33.486,vehA,32.543,3117.494,6806.991,0,N/A,0,N/A
33.586,vehA,32.093,3118.901,6804.106,0,N/A,0,N/A
33.686,vehA,31.643,3120.288,6801.262,0,N/A,0,N/A
33.786,vehA,31.193,3121.656,6798.459,0,N/A,0,N/A
33.886,vehA,30.743,3123.004,6795.695,0,N/A,0,N/A
33.986,vehA,30.293,3124.332,6792.973,0,N/A,0,N/A
34.086,vehA,29.843,3125.640,6790.291,0,N/A,0,N/A
34.186,vehA,29.399,3126.929,6787.648,0,N/A,0,N/A
34.286,vehA,28.949,3128.198,6785.046,0,N/A,0,N/A
34.386,vehA,28.499,3129.448,6782.485,0,N/A,0,N/A
34.486,vehA,28.049,3130.678,6779.964,0,N/A,0,N/A
34.586,vehA,27.599,3131.888,6777.484,0,N/A,0,N/A
34.686,vehA,27.149,3133.078,6775.043,0,N/A,0,N/A
34.786,vehA,26.699,3134.248,6772.644,0,N/A,0,N/A
34.886,vehA,26.249,3135.399,6770.285,0,N/A,0,N/A
34.986,vehA,25.799,3136.530,6767.966,0,N/A,0,N/A
35.086,vehA,25.349,3137.642,6765.688,0,N/A,0,N/A
35.186,vehA,24.899,3138.733,6763.450,0,N/A,0,N/A
35.286,vehA,24.449,3139.805,6761.252,0,N/A,0,N/A
35.386,vehA,23.999,3140.857,6759.095,0,N/A,0,N/A
35.486,vehA,23.549,3141.890,6756.979,0,N/A,0,N/A
35.586,vehA,23.099,3142.903,6754.903,0,N/A,0,N/A
35.686,vehA,22.649,3143.896,6752.867,0,N/A,0,N/A
35.786,vehA,22.199,3144.869,6750.872,0,N/A,0,N/A
35.886,vehA,21.750,3145.823,6748.917,0,N/A,0,N/A
35.986,vehA,21.300,3146.756,6747.003,0,N/A,0,N/A
36.086,vehA,20.850,3147.671,6745.129,0,N/A,0,N/A
36.186,vehA,20.400,3148.565,6743.295,0,N/A,0,N/A
36.286,vehA,19.950,3149.440,6741.502,0,N/A,0,N/A
36.386,vehA,19.500,3150.295,6739.749,0,N/A,0,N/A
36.486,vehA,19.050,3151.130,6738.037,0,N/A,0,N/A
36.586,vehA,18.600,3151.945,6736.365,0,N/A,0,N/A
36.686,vehA,18.150,3152.741,6734.734,0,N/A,0,N/A
36.786,vehA,17.701,3153.517,6733.143,0,N/A,0,N/A
36.886,vehA,17.251,3154.274,6731.593,0,N/A,0,N/A
36.986,vehA,16.801,3155.010,6730.083,0,N/A,0,N/A
37.086,vehA,16.351,3155.727,6728.613,0,N/A,0,N/A
37.186,vehA,15.901,3156.424,6727.184,0,N/A,0,N/A
37.286,vehA,15.451,3157.102,6725.795,0,N/A,0,N/A
37.386,vehA,15.001,3157.759,6724.447,0,N/A,0,N/A
37.486,vehA,14.551,3158.397,6723.139,0,N/A,0,N/A
37.586,vehA,14.101,3159.016,6721.872,0,N/A,0,N/A
37.686,vehA,13.651,3159.614,6720.645,0,N/A,0,N/A
37.786,vehA,13.201,3160.193,6719.458,0,N/A,0,N/A
37.886,vehA,12.751,3160.752,6718.312,0,N/A,0,N/A
37.986,vehA,12.302,3161.291,6717.207,0,N/A,0,N/A
38.086,vehA,11.852,3161.811,6716.141,0,N/A,0,N/A
38.186,vehA,11.402,3162.311,6715.117,0,N/A,0,N/A
38.286,vehA,10.952,3162.791,6714.132,0,N/A,0,N/A
38.386,vehA,10.502,3163.251,6713.188,0,N/A,0,N/A
38.486,vehA,10.052,3163.692,6712.285,0,N/A,0,N/A
38.586,vehA,9.602,3164.113,6711.422,0,N/A,0,N/A
38.686,vehA,9.152,3164.514,6710.599,0,N/A,0,N/A
38.786,vehA,8.702,3164.896,6709.817,0,N/A,0,N/A
38.886,vehA,8.256,3165.258,6709.075,0,N/A,0,N/A
38.986,vehA,7.806,3165.600,6708.373,0,N/A,0,N/A
39.086,vehA,7.356,3165.923,6707.712,0,N/A,0,N/A
39.186,vehA,6.906,3166.226,6707.092,0,N/A,0,N/A
39.286,vehA,6.456,3166.509,6706.511,0,N/A,0,N/A
39.386,vehA,6.006,3166.772,6705.971,0,N/A,0,N/A
39.486,vehA,5.556,3167.016,6705.472,0,N/A,0,N/A
39.586,vehA,5.106,3167.239,6705.013,0,N/A,0,N/A
39.686,vehA,4.656,3167.444,6704.595,0,N/A,0,N/A
39.786,vehA,4.206,3167.628,6704.217,0,N/A,0,N/A
39.886,vehA,3.756,3167.793,6703.879,0,N/A,0,N/A
39.986,vehA,3.306,3167.938,6703.582,0,N/A,0,N/A
40.086,vehA,2.856,3168.063,6703.325,0,N/A,0,N/A
40.186,vehA,2.406,3168.168,6703.109,0,N/A,0,N/A
40.286,vehA,1.956,3168.254,6702.933,0,N/A,0,N/A
40.386,vehA,1.506,3168.320,6702.798,0,N/A,0,N/A
40.486,vehA,1.056,3168.366,6702.703,0,N/A,0,N/A
40.586,vehA,0.617,3168.394,6702.647,0,N/A,0,N/A
40.686,vehA,0.190,3168.402,6702.630,0,N/A,0,N/A
40.786,vehA,0.001,3168.402,6702.630,0,N/A,0,N/A
40.886,vehA,0.000,3168.402,6702.630,0,N/A,0,N/A
40.986,vehA,0.000,3168.402,6702.630,0,N/A,0,N/A
41.086,vehA,0.000,3168.402,6702.630,0,N/A,0,N/A
41.186,vehA,0.000,3168.402,6702.630,0,N/A,0,N/A
41.286,vehA,0.000,3168.402,6702.630,0,N/A,0,N/A
41.386,vehA,0.000,3168.402,6702.630,0,N/A,0,N/A
41.486,vehA,0.000,3168.402,6702.630,0,N/A,0,N/A
41.586,vehA,0.000,3168.402,6702.630,0,N/A,0,N/A
41.686,vehA,0.000,3168.402,6702.630,0,N/A,0,N/A
41.786,vehA,0.099,3168.406,6702.621,0,N/A,0,N/A
41.886,vehA,0.196,3168.415,6702.603,0,N/A,0,N/A
41.986,vehA,0.287,3168.427,6702.578,0,N/A,0,N/A
42.086,vehA,0.384,3168.444,6702.543,0,N/A,0,N/A
42.186,vehA,0.468,3168.465,6702.501,0,N/A,0,N/A
42.286,vehA,0.563,3168.489,6702.451,0,N/A,0,N/A
42.386,vehA,0.642,3168.518,6702.393,0,N/A,0,N/A
42.486,vehA,0.711,3168.549,6702.329,0,N/A,0,N/A
42.586,vehA,0.796,3168.584,6702.257,0,N/A,0,N/A
42.686,vehA,0.887,3168.623,6702.178,0,N/A,0,N/A
42.786,vehA,0.979,3168.665,6702.090,0,N/A,0,N/A
42.886,vehA,1.043,3168.711,6701.996,0,N/A,0,N/A
42.986,vehA,1.102,3168.759,6701.897,0,N/A,0,N/A
43.086,vehA,1.195,3168.812,6701.790,0,N/A,0,N/A
43.186,vehA,1.247,3168.867,6701.678,0,N/A,0,N/A
43.286,vehA,1.302,3168.924,6701.560,0,N/A,0,N/A
43.386,vehA,1.384,3168.984,6701.436,0,N/A,0,N/A
43.486,vehA,1.449,3169.048,6701.306,0,N/A,0,N/A
43.586,vehA,1.547,3169.116,6701.167,0,N/A,0,N/A
43.686,vehA,1.606,3169.186,6701.023,0,N/A,0,N/A
43.786,vehA,1.684,3169.260,6700.871,0,N/A,0,N/A
43.886,vehA,1.768,3169.337,6700.712,0,N/A,0,N/A
43.986,vehA,1.824,3169.417,6700.548,0,N/A,0,N/A
44.086,vehA,1.923,3169.502,6700.376,0,N/A,0,N/A
44.186,vehA,1.994,3169.589,6700.196,0,N/A,0,N/A
44.286,vehA,2.048,3169.679,6700.012,0,N/A,0,N/A
44.386,vehA,2.121,3169.772,6699.822,0,N/A,0,N/A
44.486,vehA,2.181,3169.867,6699.626,0,N/A,0,N/A
44.586,vehA,2.279,3169.967,6699.421,0,N/A,0,N/A
44.686,vehA,2.367,3170.071,6699.208,0,N/A,0,N/A
44.786,vehA,2.446,3170.178,6698.988,0,N/A,0,N/A
44.886,vehA,2.533,3170.289,6698.761,0,N/A,0,N/A
44.986,vehA,2.584,3170.403,6698.528,0,N/A,0,N/A
45.086,vehA,2.653,3170.519,6698.290,0,N/A,0,N/A
45.186,vehA,2.739,3170.639,6698.044,0,N/A,0,N/A
45.286,vehA,2.836,3170.763,6697.789,0,N/A,0,N/A
45.386,vehA,2.902,3170.891,6697.528,0,N/A,0,N/A
45.486,vehA,2.953,3171.020,6697.263,0,N/A,0,N/A
45.586,vehA,3.024,3171.153,6696.991,0,N/A,0,N/A
45.686,vehA,3.085,3171.288,6696.714,0,N/A,0,N/A
45.786,vehA,3.143,3171.426,6696.431,0,N/A,0,N/A
45.886,vehA,3.238,3171.568,6696.140,0,N/A,0,N/A
45.986,vehA,3.331,3171.714,6695.841,0,N/A,0,N/A
46.086,vehA,3.386,3171.862,6695.536,0,N/A,0,N/A
46.186,vehA,3.445,3172.013,6695.227,0,N/A,0,N/A
46.286,vehA,3.538,3172.168,6694.909,0,N/A,0,N/A
46.386,vehA,3.630,3172.328,6694.583,0,N/A,0,N/A
46.486,vehA,3.688,3172.489,6694.251,0,N/A,0,N/A
46.586,vehA,3.744,3172.653,6693.915,0,N/A,0,N/A
46.686,vehA,3.826,3172.821,6693.571,0,N/A,0,N/A
46.786,vehA,3.907,3172.992,6693.220,0,N/A,0,N/A
